siteurl,listName,templateName
https://demoperform.sharepoint.com/sites/Special_Claim_Reviews,FAQs,FAQs
https://demoperform.sharepoint.com/sites/Special_Claim_Reviews,QuickLinks,QuickLinks
https://demoperform.sharepoint.com/sites/Special_Claim_Reviews,Review Type,Review Type
https://demoperform.sharepoint.com/sites/Special_Claim_Reviews,Select Policy,Select Policy
https://demoperform.sharepoint.com/sites/Special_Claim_Reviews,Training Opportunities,Training Opportunities
https://demoperform.sharepoint.com/sites/Special_Claim_Reviews,TeamLeaders,TeamLeaders
https://demoperform.sharepoint.com/sites/Special_Claim_Reviews,SpecialClaimReviews,SpecialClaimReviews
https://demoperform.sharepoint.com/sites/Special_Claim_Reviews,Coverage Part,Coverage Part
https://demoperform.sharepoint.com/sites/Special_Claim_Reviews,Decision,Decision
