{"id":"786e7cdf-d1c8-4412-8abb-1aa18ea555e0","alias":"FileUploadWebPart","componentType":"WebPart","version":"0.0.1","manifestVersion":2,"requiresCustomScript":false,"preconfiguredEntries":[{"groupId":"5c03119e-3074-46fd-976b-c60198322f80","group":{"default":"SuperWebParts"},"title":{"default":"SPFileUpload"},"description":{"default":"Use this webpart to upload files to a library or as list attachments"},"officeFabricIconFontName":"OpenFile","properties":{"listName":"Documents","fileTypes":"jpg,png,gif,avi,mp4","uploadFilesTo":"DocumentLibrary"}}],"loaderConfig":{"entryModuleId":"file-upload-web-part","internalModuleBaseUrls":["<!-- PATH TO CDN -->/"],"scriptResources":{"file-upload-web-part":{"type":"path","path":"file-upload-web-part_e20e420d0277308231a9db7216a3f5e4.js"},"FileUploadWebPartStrings":{"defaultPath":"react-file-upload-fileuploadwebpartstrings_en-us_323c3928de4a50b3ece968665aeba48a.js","type":"localizedPath","paths":{}},"react":{"type":"component","version":"15.6.2","id":"0d910c1c-13b9-4e1c-9aa4-b008c5e42d7d"},"react-dom":{"type":"component","version":"15.6.2","id":"aa0a46ec-1505-43cd-a44a-93f3a5aa460a"},"@microsoft/sp-core-library":{"type":"component","version":"1.4.0","id":"7263c7d0-1d6a-45ec-8d85-d4d1d234171b"},"@microsoft/sp-webpart-base":{"type":"component","version":"1.4.0","id":"974a7777-0990-4136-8fa6-95d80114c2e0"},"@microsoft/sp-http":{"type":"component","version":"1.4.0","id":"c07208f0-ea3b-4c1a-9965-ac1b825211a6"},"@microsoft/sp-loader":{"type":"component","version":"1.4.0","id":"1c6c9123-7aac-41f3-a376-3caea41ed83f"}}}}