<?xml version="1.0"?>
<pnp:Provisioning xmlns:pnp="http://schemas.dev.office.com/PnP/2020/02/ProvisioningSchema">
  <pnp:Preferences Generator="OfficeDevPnP.Core, Version=3.18.2002.0, Culture=neutral, PublicKeyToken=5e633289e95c321a" />
  <pnp:Templates ID="CONTAINER-TEMPLATE-F70684400B6340498526568BEBE2D53E">
    <pnp:ProvisioningTemplate ID="TEMPLATE-F70684400B6340498526568BEBE2D53E" Version="1" BaseSiteTemplate="GROUP#0" Scope="RootSite">
      <pnp:Lists>
        <pnp:ListInstance Title="ModernList" Description="ModernList" DocumentTemplate="" TemplateType="100" Url="Lists/ModernList" MinorVersionLimit="0" MaxVersionLimit="0" DraftVersionVisibility="0" TemplateFeatureID="00bfea71-de22-43b2-a848-c05709900100" EnableFolderCreation="false" DefaultDisplayFormUrl="{site}/Lists/ModernList/DispForm.aspx" DefaultEditFormUrl="{site}/Lists/ModernList/EditForm.aspx" DefaultNewFormUrl="{site}/Lists/ModernList/NewForm.aspx" ImageUrl="/_layouts/15/images/itgen.png?rev=47" IrmExpire="false" IrmReject="false" IsApplicationList="false" ValidationFormula="" ValidationMessage="">
          <pnp:ContentTypeBindings>
            <pnp:ContentTypeBinding ContentTypeID="0x01" Default="true" />
          </pnp:ContentTypeBindings>
          <pnp:Views>
            <View Name="{086733DD-BC4F-47D8-86AD-EC0C92DCBF3E}" DefaultView="TRUE" MobileView="TRUE" MobileDefaultView="TRUE" Type="HTML" DisplayName="All Items" Url="{site}/Lists/ModernList/AllItems.aspx" Level="1" BaseViewID="1" ContentTypeID="0x" ImageUrl="/_layouts/15/images/generic.png?rev=47">
              <Query />
              <ViewFields>
                <FieldRef Name="LinkTitle" />
              </ViewFields>
              <RowLimit Paged="TRUE">30</RowLimit>
              <JSLink>clienttemplates.js</JSLink>
            </View>
          </pnp:Views>
          <pnp:Webhooks>
            <pnp:Webhook ServerNotificationUrl="https://eastus1.pushnp.svc.ms/notifications?token=ad39b838-3b8b-4e9a-bf01-9e454372833e" ExpiresInDays="1" />
          </pnp:Webhooks>
        </pnp:ListInstance>
      </pnp:Lists>
    </pnp:ProvisioningTemplate>
  </pnp:Templates>
</pnp:Provisioning>