{
  "$schema": "https://developer.microsoft.com/json-schemas/core-build/serve.schema.json",
  "port": 4321,
  "https": true,
  "serveConfigurations": {
    "default": {
      "pageUrl": "https://demoperform.sharepoint.com/sites/EnvironmentalFormLibrary/Lists/EnvironmentalFormLibrary/AllItems.aspx",
      "customActions": {
        "9dcad161-8183-4d4d-9da0-0ecf5f26e944": {
          "location": "ClientSideExtension.ListViewCommandSet.CommandBar",
          "properties": {
            "sampleTextOne": "One item is selected in the list",
            "sampleTextTwo": "This command is always visible."
          }
        }
      }
    },
    "znaLayout": {
      "pageUrl": "https://demoperform.sharepoint.com/sites/EnvironmentalFormLibrary/SitePages/Home.aspx",
      "customActions": {
        "7e66bbcd-5099-4e88-abd8-be229ca5f361": {
          "location": "ClientSideExtension.ApplicationCustomizer",
          "properties": {}
        }
      }
    },
    "eflSpecimen": {
      "pageUrl": "https://demoperform.sharepoint.com/sites/EnvironmentalFormLibrary/Lists/EnvironmentalFormLibrary/AllItems.aspx",
      "customActions": {
        "9dcad161-8183-4d4d-9da0-0ecf5f26e944": {
          "location": "ClientSideExtension.ListViewCommandSet.CommandBar",
          "properties": {
            "sampleTextOne": "One item is selected in the list",
            "sampleTextTwo": "This command is always visible."
          }
        }
      }
    }
  },
  "initialPage": "https://localhost:5432/workbench",
  "api": {
    "port": 5432,
    "entryPath": "node_modules/@microsoft/sp-webpart-workbench/lib/api/"
  }
}
