Url,Group,Permission
https://gtus365.sharepoint.com/sites/FriendsoftheIsraelDefenseForcesFriendsoftheIsraelDefenseForces-990123119,Level 1,Site Administrator
https://gtus365.sharepoint.com/sites/FriendsoftheIsraelDefenseForcesFriendsoftheIsraelDefenseForces-990123119,Level 1.6,Level 1.6
https://gtus365.sharepoint.com/sites/FriendsoftheIsraelDefenseForcesFriendsoftheIsraelDefenseForces-990123119,Level 2,User With Delete
https://gtus365.sharepoint.com/sites/FriendsoftheIsraelDefenseForcesFriendsoftheIsraelDefenseForces-990123119,Level 3,User Without Delete
https://gtus365.sharepoint.com/sites/FriendsoftheIsraelDefenseForcesFriendsoftheIsraelDefenseForces-990123119,Level 4,Read
https://gtus365.sharepoint.com/sites/FriendsoftheIsraelDefenseForcesFriendsoftheIsraelDefenseForces-990123119,Level 4.6,View Only
https://gtus365.sharepoint.com/sites/FriendsoftheIsraelDefenseForcesFriendsoftheIsraelDefenseForces-990123119,Service Line Administrators,Full Control
https://gtus365.sharepoint.com/sites/FriendsoftheIsraelDefenseForcesFriendsoftheIsraelDefenseForces-990123119,SharePoint Administrators,Full Control
https://gtus365.sharepoint.com/sites/FriendsoftheIsraelDefenseForcesFriendsoftheIsraelDefenseForces-990123119,Style Resource Readers,Full Control