{"id":"3a328f0a-99c4-4b28-95ab-fe0847f657a3","alias":"ScriptEditorWebPart","componentType":"WebPart","version":"1.0.0","supportsFullBleed":true,"manifestVersion":2,"supportedHosts":["SharePointWebPart","SharePointFullPage","TeamsTab"],"requiresCustomScript":false,"preconfiguredEntries":[{"groupId":"3a328f0a-99c4-4b28-95ab-fe0847f657a3","group":{"default":"mAdcOW deZign"},"title":{"default":"Modern Script Editor"},"description":{"default":"Add arbitrary script to a page"},"officeFabricIconFontName":"JS","properties":{"script":"","title":"The Modern Script Editor web part!","removePadding":false,"spPageContextInfo":false}}],"loaderConfig":{"entryModuleId":"script-editor-bundle","internalModuleBaseUrls":["<!-- PATH TO CDN -->/"],"scriptResources":{"script-editor-bundle":{"type":"path","path":"script-editor-bundle_e3af9780479cab291abe8193d8a1b356.js"},"PropertyControlStrings":{"defaultPath":"react-script-editor-propertycontrolstrings_en-us_92b9e969e3f7ed4b17e1c27dfc789861.js","type":"localizedPath","paths":{"en-US":"react-script-editor-propertycontrolstrings_en-us_92b9e969e3f7ed4b17e1c27dfc789861.js","bn":"react-script-editor-propertycontrolstrings_en-us_92b9e969e3f7ed4b17e1c27dfc789861.js","chr":"react-script-editor-propertycontrolstrings_en-us_92b9e969e3f7ed4b17e1c27dfc789861.js","dv":"react-script-editor-propertycontrolstrings_en-us_92b9e969e3f7ed4b17e1c27dfc789861.js","div":"react-script-editor-propertycontrolstrings_en-us_92b9e969e3f7ed4b17e1c27dfc789861.js","en":"react-script-editor-propertycontrolstrings_en-us_92b9e969e3f7ed4b17e1c27dfc789861.js","fil":"react-script-editor-propertycontrolstrings_en-us_92b9e969e3f7ed4b17e1c27dfc789861.js","haw":"react-script-editor-propertycontrolstrings_en-us_92b9e969e3f7ed4b17e1c27dfc789861.js","iu":"react-script-editor-propertycontrolstrings_en-us_92b9e969e3f7ed4b17e1c27dfc789861.js","lo":"react-script-editor-propertycontrolstrings_en-us_92b9e969e3f7ed4b17e1c27dfc789861.js","moh":"react-script-editor-propertycontrolstrings_en-us_92b9e969e3f7ed4b17e1c27dfc789861.js","fr-FR":"react-script-editor-propertycontrolstrings_fr-fr_0cf2232498fe89a65605c40b32bf6e62.js","gsw":"react-script-editor-propertycontrolstrings_fr-fr_0cf2232498fe89a65605c40b32bf6e62.js","br":"react-script-editor-propertycontrolstrings_fr-fr_0cf2232498fe89a65605c40b32bf6e62.js","tzm-Tfng":"react-script-editor-propertycontrolstrings_fr-fr_0cf2232498fe89a65605c40b32bf6e62.js","co":"react-script-editor-propertycontrolstrings_fr-fr_0cf2232498fe89a65605c40b32bf6e62.js","fr":"react-script-editor-propertycontrolstrings_fr-fr_0cf2232498fe89a65605c40b32bf6e62.js","ff":"react-script-editor-propertycontrolstrings_fr-fr_0cf2232498fe89a65605c40b32bf6e62.js","lb":"react-script-editor-propertycontrolstrings_fr-fr_0cf2232498fe89a65605c40b32bf6e62.js","mg":"react-script-editor-propertycontrolstrings_fr-fr_0cf2232498fe89a65605c40b32bf6e62.js","oc":"react-script-editor-propertycontrolstrings_fr-fr_0cf2232498fe89a65605c40b32bf6e62.js","zgh":"react-script-editor-propertycontrolstrings_fr-fr_0cf2232498fe89a65605c40b32bf6e62.js","wo":"react-script-editor-propertycontrolstrings_fr-fr_0cf2232498fe89a65605c40b32bf6e62.js","no":"react-script-editor-propertycontrolstrings_no_4f5678bb20b7673c02a7023509090908.js","ru-RU":"react-script-editor-propertycontrolstrings_ru-ru_497f3b438575ed05ac7c3922fd60aefe.js","ru":"react-script-editor-propertycontrolstrings_ru-ru_497f3b438575ed05ac7c3922fd60aefe.js","ba":"react-script-editor-propertycontrolstrings_ru-ru_497f3b438575ed05ac7c3922fd60aefe.js","be":"react-script-editor-propertycontrolstrings_ru-ru_497f3b438575ed05ac7c3922fd60aefe.js","ky":"react-script-editor-propertycontrolstrings_ru-ru_497f3b438575ed05ac7c3922fd60aefe.js","mn":"react-script-editor-propertycontrolstrings_ru-ru_497f3b438575ed05ac7c3922fd60aefe.js","sah":"react-script-editor-propertycontrolstrings_ru-ru_497f3b438575ed05ac7c3922fd60aefe.js","tg":"react-script-editor-propertycontrolstrings_ru-ru_497f3b438575ed05ac7c3922fd60aefe.js","tt":"react-script-editor-propertycontrolstrings_ru-ru_497f3b438575ed05ac7c3922fd60aefe.js","tk":"react-script-editor-propertycontrolstrings_ru-ru_497f3b438575ed05ac7c3922fd60aefe.js","nl-NL":"react-script-editor-propertycontrolstrings_nl-nl_e4dbd4e9a5ee42128c79fbe62d0ebd9a.js","nl":"react-script-editor-propertycontrolstrings_nl-nl_e4dbd4e9a5ee42128c79fbe62d0ebd9a.js","fy":"react-script-editor-propertycontrolstrings_nl-nl_e4dbd4e9a5ee42128c79fbe62d0ebd9a.js","zh-CN":"react-script-editor-propertycontrolstrings_zh-cn_11ef263e542c6dec3bb45f7f32177f8b.js","zh":"react-script-editor-propertycontrolstrings_zh-cn_11ef263e542c6dec3bb45f7f32177f8b.js","mn-Mong":"react-script-editor-propertycontrolstrings_zh-cn_11ef263e542c6dec3bb45f7f32177f8b.js","bo":"react-script-editor-propertycontrolstrings_zh-cn_11ef263e542c6dec3bb45f7f32177f8b.js","ug":"react-script-editor-propertycontrolstrings_zh-cn_11ef263e542c6dec3bb45f7f32177f8b.js","ii":"react-script-editor-propertycontrolstrings_zh-cn_11ef263e542c6dec3bb45f7f32177f8b.js"}},"@microsoft/sp-property-pane":{"type":"component","version":"1.10.0","id":"f9e737b7-f0df-4597-ba8c-3060f82380db"},"@microsoft/sp-loader":{"type":"component","version":"1.10.0","id":"1c6c9123-7aac-41f3-a376-3caea41ed83f"},"@microsoft/sp-core-library":{"type":"component","version":"1.10.0","id":"7263c7d0-1d6a-45ec-8d85-d4d1d234171b"},"@microsoft/sp-webpart-base":{"type":"component","version":"1.10.0","id":"974a7777-0990-4136-8fa6-95d80114c2e0"},"react":{"type":"component","version":"16.8.5","id":"0d910c1c-13b9-4e1c-9aa4-b008c5e42d7d"},"react-dom":{"type":"component","version":"16.8.5","id":"aa0a46ec-1505-43cd-a44a-93f3a5aa460a"}}}}